datetime,city_name,country_code,longitude (degrees),latitude (degrees),weather_main,weather_description,temperature (C),feels_like_temperature (C),pressure (hPa),humidity (%),temp_min (C),temp_max (C),sea_level_pressure (hPa),ground_level_pressure (hPa),visibility (m),wind_speed (m/s),wind_deg (degrees),wind_gust (m/s),cloudiness (%),rain_last_1h (mm),rain_last_3h (mm)
2024-08-05 15:53:02,Quezon City,PH,121.0432,14.6428,Clouds,scattered clouds,29.93,36.93,1006,79,28.73,30.42,1006,1001,10000,8.75,260,,40,,
2024-08-05 15:59:36,Quezon City,PH,121.0445,14.6448,Clouds,scattered clouds,29.88,36.88,1006,81,28.62,30.38,1006,1001,10000,8.75,260,,40,,
2024-08-05 16:03:37,Quezon City,PH,121.0392,14.6417,Rain,light rain,29.55,36.55,1006,82,28.69,29.88,1006,1002,10000,11.62,209,21.46,90,0.11,
2024-08-05 16:21:10,Quezon City,PH,121.0445,14.6448,Rain,light rain,29.07,35.16,1006,81,28.62,29.26,1006,1001,10000,6.71,233,22.35,75,0.38,
2024-08-05 17:00:13,Quezon City,PH,121.0445,14.6448,Rain,light rain,29.03,35.27,1007,82,28.06,29.26,1007,1001,10000,7.6,205,16.99,94,0.37,
2024-08-05 18:00:11,Quezon City,PH,121.0445,14.6448,Rain,moderate rain,28.14,32.78,1007,82,27.51,28.15,1007,1001,7773,4.95,238,7.16,95,1.54,
2024-08-05 19:00:14,Quezon City,PH,121.0445,14.6448,Rain,moderate rain,27.92,32.67,1008,85,27.51,28.15,1008,1002,9307,4.62,236,6.91,96,2.73,
2024-08-05 19:52:28,Quezon City,PH,121.0369,14.6353,Rain,moderate rain,27.7,32.06,1008,85,27.58,27.81,1008,1004,10000,3.09,230,,75,2.05,
2024-08-05 21:00:12,Quezon City,PH,121.0445,14.6448,Rain,light rain,28.03,32.98,1009,85,27.51,28.15,1009,1003,10000,2.68,95,6.71,100,0.32,
2024-08-05 22:00:11,Quezon City,PH,121.0445,14.6448,Clouds,overcast clouds,27.9,32.94,1009,87,26.99,28.15,1009,1004,10000,1.34,164,11.18,100,,
2024-08-05 23:00:12,Quezon City,PH,121.0445,14.6448,Clouds,overcast clouds,27.35,31.37,1009,87,26.44,27.6,1009,1004,10000,2.68,237,7.6,100,,
2024-08-05 23:50:43,Quezon City,PH,121.0357,14.6431,Clouds,broken clouds,26.96,30.42,1008,88,26.47,27.1,1008,1004,10000,1.79,178,10.28,75,,
2024-08-06 01:00:12,Quezon City,PH,121.0445,14.6448,Clouds,overcast clouds,26.79,30.05,1008,89,25.84,27.04,1008,1002,10000,1.34,217,7.6,100,,
2024-08-06 02:00:12,Quezon City,PH,121.0445,14.6448,Rain,light rain,26.71,30.01,1007,91,25.84,27.04,1007,1002,10000,2.68,245,15.65,100,0.24,
2024-08-06 02:51:53,Quezon City,PH,121.0357,14.6431,Clouds,few clouds,26.79,30.14,1007,90,25.91,27.1,1007,1003,10000,2.57,240,,20,,
2024-08-06 04:00:12,Quezon City,PH,121.0445,14.6448,Clouds,overcast clouds,26.24,26.24,1007,90,25.29,26.49,1007,1002,10000,8.94,222,10.28,87,,
2024-08-06 05:00:19,Quezon City,PH,121.0445,14.6448,Clouds,broken clouds,26.26,26.26,1008,90,25.84,26.49,1008,1002,10000,6.26,197,11.18,81,,
2024-08-06 06:00:15,Quezon City,PH,121.0445,14.6448,Clouds,broken clouds,26.26,26.26,1008,90,25.84,26.49,1008,1002,10000,5.81,217,10.28,82,,
2024-08-06 07:00:11,Quezon City,PH,121.0445,14.6448,Clouds,broken clouds,26.95,30.39,1009,88,26.4,27.04,1009,1003,7782,1.34,201,12.52,84,,
2024-08-06 08:00:13,Quezon City,PH,121.0445,14.6448,Clouds,overcast clouds,28.25,33.25,1009,83,28.13,28.7,1009,1003,6408,0.89,209,7.6,87,,
2024-08-06 08:51:43,Quezon City,PH,121.0398,14.6366,Clouds,scattered clouds,29.13,35.56,1009,82,28.77,29.8,1009,1004,10000,2.96,250,4.4,40,,
2024-08-06 10:00:14,Quezon City,PH,121.0445,14.6448,Clouds,overcast clouds,29.05,35.1,1009,81,28.71,30.33,1009,1004,9883,4.02,197,10.28,85,,
2024-08-06 11:00:15,Quezon City,PH,121.0445,14.6448,Clouds,overcast clouds,30.14,37.14,1009,79,29.8,30.88,1009,1003,8316,3.63,262,5.9,89,,
2024-08-06 11:51:42,Quezon City,PH,121.0385,14.6447,Clouds,scattered clouds,30.03,37.03,1009,79,29.31,30.82,1009,1004,10000,7.72,270,,40,,
2024-08-06 12:51:38,Quezon City,PH,121.0375,14.6379,Clouds,scattered clouds,27.66,32.54,1008,89,27.66,29.81,1008,1004,10000,5.14,300,,40,,
2024-08-06 14:00:13,Quezon City,PH,121.0445,14.6448,Clouds,overcast clouds,26.6,26.6,1008,88,26.6,26.6,1008,1002,6563,3.51,246,6.34,94,,
2024-08-06 15:00:13,Quezon City,PH,121.0393,14.6498,Clouds,overcast clouds,26.29,26.29,1008,89,26.29,26.29,1008,1004,10000,3.38,238,5.87,100,,
2024-08-06 16:25:59,Quezon City,PH,121.0445,14.6448,Rain,moderate rain,29.26,35.47,1008,80,28.69,29.75,1008,1006,10000,5.14,270,,75,1.3,
2024-08-06 17:10:29,Quezon City,PH,121.0445,14.6448,Rain,moderate rain,29.12,35.53,1008,82,28.69,29.26,1008,1006,10000,4.63,280,,75,1.33,
2024-08-06 17:11:19,Quezon City,PH,121.0445,14.6448,Rain,moderate rain,29.12,35.53,1008,82,28.69,29.26,1008,1006,10000,4.63,280,,75,1.33,
2024-08-06 18:18:32,Quezon City,PH,121.0445,14.6448,Rain,moderate rain,28.89,35.08,1008,83,28.71,29.25,1008,1006,10000,4.12,250,,75,2.73,
2024-08-06 19:14:17,Quezon City,PH,121.0445,14.6448,Rain,heavy intensity rain,28.8,35.03,1009,84,28.62,29.24,1009,1007,10000,3.6,230,,75,9.99,
2024-08-06 20:32:19,Quezon City,PH,121.0445,14.6448,Clouds,few clouds,28.25,33.25,1010,83,28.06,28.75,1010,1008,10000,2.06,230,,20,,
2024-08-06 21:19:49,Quezon City,PH,121.0445,14.6448,Clouds,broken clouds,28.25,33.43,1010,84,28.06,28.75,1010,1008,10000,3.13,206,11.18,75,,
2024-08-06 22:15:32,Quezon City,PH,121.0445,14.6448,Clouds,broken clouds,27.71,31.95,1010,84,27.51,28.13,1010,1008,10000,2.57,230,,75,,
2024-08-06 23:18:39,Quezon City,PH,121.0445,14.6448,Clouds,broken clouds,27.55,31.79,1010,86,27.03,27.75,1010,1008,10000,3.13,214,5.81,75,,
2024-08-07 00:20:37,Quezon City,PH,121.0445,14.6448,Clouds,scattered clouds,27.25,31.34,1010,89,26.95,27.75,1010,1008,10000,4.47,116,12.52,40,,
2024-08-07 01:16:36,Quezon City,PH,121.0445,14.6448,Clouds,broken clouds,26.69,29.7,1009,88,25.93,27.75,1009,1007,10000,3.09,250,,75,,
2024-08-07 02:23:32,Quezon City,PH,121.0445,14.6448,Clouds,broken clouds,26.95,30.39,1008,88,26.4,27.75,1008,1006,9000,2.68,231,4.47,75,,
2024-08-07 03:12:50,Quezon City,PH,121.0445,14.6448,Clouds,overcast clouds,26.59,26.59,1008,91,26.4,27.02,1008,1006,10000,0.45,348,2.24,100,,
2024-08-07 04:15:09,Quezon City,PH,121.0445,14.6448,Clouds,scattered clouds,26.51,26.51,1008,91,25.88,26.75,1008,1006,10000,1.03,0,,40,,
2024-08-07 05:15:37,Quezon City,PH,121.0445,14.6448,Clouds,scattered clouds,26.32,26.32,1008,91,25.88,27.02,1008,1006,10000,1.54,210,,40,,
2024-08-07 06:16:22,Quezon City,PH,121.0445,14.6448,Clouds,few clouds,26.89,30.52,1009,91,26.4,27.04,1009,1007,10000,1.03,0,,20,,
2024-08-07 07:16:45,Quezon City,PH,121.0445,14.6448,Clouds,scattered clouds,28.13,33.62,1009,87,27.6,28.75,1009,1007,10000,3.09,250,,40,,
2024-08-07 09:14:56,Quezon City,PH,121.0445,14.6448,Clouds,few clouds,29.95,36.95,1010,79,29.25,30.88,1010,1008,10000,5.66,270,,20,,
2024-08-07 10:36:51,Quezon City,PH,121.0445,14.6448,Clouds,few clouds,30.46,37.46,1010,76,29.82,31.99,1010,1008,10000,5.66,280,,20,,
2024-08-07 11:18:49,Quezon City,PH,121.0445,14.6448,Clouds,few clouds,31.08,38.08,1010,74,30.36,31.99,1010,1008,10000,6.17,270,,20,,
2024-08-07 12:20:52,Quezon City,PH,121.0445,14.6448,Clouds,few clouds,30.69,37.69,1009,75,30.38,31.75,1009,1007,10000,10.28,225,16.99,20,,
2024-08-07 13:16:13,Quezon City,PH,121.0445,14.6448,Clouds,few clouds,30.88,37.88,1008,75,29.73,32.03,1008,1006,10000,8.94,189,21.46,20,,
2024-08-07 14:23:38,Quezon City,PH,121.0445,14.6448,Clouds,few clouds,31.26,38.26,1008,75,30.91,32.55,1008,1006,10000,9.39,196,15.65,20,,
2024-08-07 15:15:34,Quezon City,PH,121.0445,14.6448,Clouds,few clouds,31.26,38.26,1008,77,30.84,32.55,1008,1006,10000,7.72,260,,20,,
2024-08-07 16:21:21,Quezon City,PH,121.0445,14.6448,Clouds,few clouds,30.51,37.51,1008,77,30.36,30.92,1008,1006,10000,8.23,270,,20,,
2024-08-07 17:18:26,Quezon City,PH,121.0445,14.6448,Clouds,few clouds,30.2,37.2,1008,79,29.82,31.44,1008,1006,10000,7.2,250,,20,,
2024-08-07 18:17:29,Quezon City,PH,121.0445,14.6448,Clouds,few clouds,29.45,36.45,1009,83,29.25,29.8,1009,1007,10000,7.15,228,14.75,20,,
2024-08-07 19:13:43,Quezon City,PH,121.0445,14.6448,Clouds,scattered clouds,29.36,36.25,1010,82,29.21,29.8,1010,1007,10000,3.58,216,12.52,29,,
2024-08-07 20:33:09,Quezon City,PH,121.0445,14.6448,Clouds,broken clouds,28.97,35.32,1010,83,28.06,29.75,1010,1008,10000,6.26,233,22.35,75,,
2024-08-07 21:20:22,Quezon City,PH,121.0445,14.6448,Clouds,few clouds,28.62,34.7,1010,85,28.06,28.75,1010,1008,10000,7.6,226,14.75,20,,
2024-08-07 22:15:24,Quezon City,PH,121.0445,14.6448,Clouds,few clouds,28.67,34.85,1011,85,27.55,28.75,1011,1009,10000,3.58,191,15.65,20,,
2024-08-07 23:17:30,Quezon City,PH,121.0445,14.6448,Clouds,scattered clouds,28.51,34.78,1011,87,27.55,28.75,1011,1009,10000,4.92,210,11.18,40,,
2024-08-08 00:20:58,Quezon City,PH,121.0445,14.6448,Clouds,scattered clouds,27.5,32.2,1010,90,27.04,28.14,1010,1008,10000,4.47,218,20.12,40,,
2024-08-08 01:17:04,Quezon City,PH,121.0445,14.6448,Clouds,broken clouds,27.71,32.84,1010,90,27.51,28.13,1010,1008,10000,3.09,230,,75,,
2024-08-08 02:22:28,Quezon City,PH,121.0445,14.6448,Clouds,scattered clouds,27.55,32.35,1009,90,27.03,27.75,1009,1007,10000,7.15,192,10.28,40,,
2024-08-08 03:13:46,Quezon City,PH,121.0445,14.6448,Clouds,scattered clouds,27.55,32.35,1009,90,26.95,27.75,1009,1007,10000,1.54,230,,40,,
2024-08-08 04:17:52,Quezon City,PH,121.0445,14.6448,Clouds,scattered clouds,27.53,32.15,1009,89,26.95,27.75,1009,1007,10000,5.36,208,8.94,40,,
2024-08-08 05:17:26,Quezon City,PH,121.0445,14.6448,Clouds,broken clouds,27.16,31.31,1009,91,26.95,27.75,1009,1007,9000,2.68,224,7.6,75,,
2024-08-08 06:15:49,Quezon City,PH,121.0445,14.6448,Clouds,few clouds,27.29,31.83,1009,92,26.48,27.6,1009,1007,10000,2.07,279,4.23,23,,
2024-08-08 07:15:57,Quezon City,PH,121.0445,14.6448,Clouds,broken clouds,26.93,30.84,1010,93,26.47,28.1,1010,1008,8000,2.06,300,,75,,
2024-08-08 09:14:42,Quezon City,PH,121.0445,14.6448,Clouds,broken clouds,29.95,36.95,1011,82,29.24,30.92,1011,1009,10000,2.57,290,,75,,
2024-08-08 10:36:59,Quezon City,PH,121.0445,14.6448,Clouds,broken clouds,29.31,36.31,1010,85,28.71,30.75,1010,1008,10000,7.6,217,14.75,75,,
2024-08-08 11:18:38,Quezon City,PH,121.0445,14.6448,Clouds,broken clouds,30.12,37.12,1010,83,29.73,30.88,1010,1008,10000,6.71,256,14.75,75,,
2024-08-08 12:21:58,Quezon City,PH,121.0445,14.6448,Clouds,broken clouds,29.96,36.96,1010,81,29.75,30.92,1010,1008,10000,10.28,214,14.75,75,,
2024-08-08 13:16:30,Quezon City,PH,121.0445,14.6448,Clouds,broken clouds,29.63,36.63,1009,82,29.24,30.84,1009,1007,10000,7.6,224,19.22,75,,
2024-08-08 14:24:25,Quezon City,PH,121.0445,14.6448,Clouds,broken clouds,30.05,37.05,1009,81,29.8,31.44,1009,1007,10000,8.94,222,17.88,83,,
2024-08-08 15:15:36,Quezon City,PH,121.0445,14.6448,Clouds,scattered clouds,30.86,37.86,1009,79,29.73,32.03,1009,1006,10000,12.52,211,16.99,40,,
2024-08-08 16:21:02,Quezon City,PH,121.0445,14.6448,Clouds,broken clouds,30.15,37.15,1008,81,29.73,30.92,1008,1006,10000,10.73,216,21.46,75,,
2024-08-08 17:17:43,Quezon City,PH,121.0445,14.6448,Clouds,broken clouds,29.54,36.54,1009,81,29.17,30.33,1009,1007,10000,9.39,206,21.46,75,,
2024-08-08 18:17:18,Quezon City,PH,121.0445,14.6448,Clouds,broken clouds,29.43,36.43,1009,83,29.17,29.8,1009,1007,10000,11.18,231,17.88,75,,
2024-08-08 19:15:46,Quezon City,PH,121.0445,14.6448,Clouds,broken clouds,28.53,34.64,1010,86,28.06,28.75,1010,1008,10000,7.72,260,13.38,75,,
2024-08-08 20:32:42,Quezon City,PH,121.0445,14.6448,Clouds,broken clouds,27.71,32.24,1011,86,27.51,28.13,1011,1009,10000,4.92,238,7.6,75,,
2024-08-08 21:19:32,Quezon City,PH,121.0445,14.6448,Clouds,overcast clouds,26.42,26.42,1011,90,25.33,26.75,1011,1009,9000,7.2,250,,100,,
2024-08-08 22:15:24,Quezon City,PH,121.0445,14.6448,Clouds,broken clouds,27.57,32.13,1011,88,26.48,27.6,1011,1009,10000,4.02,219,7.6,75,,
2024-08-08 23:18:17,Quezon City,PH,121.0445,14.6448,Clouds,overcast clouds,26.46,26.46,1011,87,25.75,26.49,1011,1009,9000,4.63,260,,100,,
2024-08-09 00:20:37,Quezon City,PH,121.0445,14.6448,Clouds,broken clouds,27.02,30.79,1011,90,25.92,27.04,1011,1009,10000,2.68,59,5.81,75,,
2024-08-09 01:15:00,Quezon City,PH,121.0445,14.6448,Clouds,broken clouds,27.54,32.32,1010,90,25.92,27.6,1010,1008,10000,2.24,143,7.6,75,,
2024-08-09 02:23:21,Quezon City,PH,121.0445,14.6448,Clouds,broken clouds,27.15,31.28,1009,91,25.84,27.6,1009,1007,10000,1.79,13,5.81,75,,
2024-08-09 03:13:00,Quezon City,PH,121.0445,14.6448,Clouds,broken clouds,27.56,32.53,1009,91,26.48,27.6,1009,1007,10000,2.57,250,,75,,
2024-08-09 04:18:18,Quezon City,PH,121.0445,14.6448,Rain,light rain,27.05,30.88,1009,90,25.88,27.75,1009,1007,10000,4.12,270,,75,0.15,
2024-08-09 05:15:43,Quezon City,PH,121.0445,14.6448,Clouds,overcast clouds,26.98,30.78,1009,91,25.88,27.04,1009,1007,10000,1.79,189,6.71,91,,
2024-08-09 06:15:42,Quezon City,PH,121.0445,14.6448,Clouds,broken clouds,27.6,32.21,1009,88,27.03,27.75,1009,1007,10000,3.6,300,,75,,
2024-08-09 07:17:00,Quezon City,PH,121.0445,14.6448,Clouds,scattered clouds,28.17,33.56,1009,86,28.13,28.75,1009,1007,10000,4.02,353,4.47,40,,
2024-08-09 09:15:38,Quezon City,PH,121.0445,14.6448,Clouds,broken clouds,30.23,37.23,1010,80,29.24,30.75,1010,1008,10000,4.63,270,,75,,
2024-08-09 10:37:03,Quezon City,PH,121.0445,14.6448,Clouds,broken clouds,30.82,37.82,1009,83,28.75,30.93,1009,1007,10000,6.26,244,20.12,75,,
2024-08-09 11:18:49,Quezon City,PH,121.0445,14.6448,Rain,light rain,31.26,38.26,1009,77,30.36,32.03,1009,1007,10000,10.73,220,19.22,40,0.24,
2024-08-09 12:20:02,Quezon City,PH,121.0445,14.6448,Clouds,broken clouds,28.13,34.16,1009,90,27.58,28.15,1009,1007,10000,3.58,184,13.41,75,,
2024-08-09 13:16:37,Quezon City,PH,121.0445,14.6448,Rain,moderate rain,29.82,36.82,1008,79,29.75,30.37,1008,1006,10000,12.96,246,23.69,75,2.24,
2024-08-09 14:24:32,Quezon City,PH,121.0445,14.6448,Clouds,broken clouds,30.78,37.78,1008,78,29.73,31.48,1008,1006,10000,6.69,260,,75,,
2024-08-09 15:15:29,Quezon City,PH,121.0445,14.6448,Clouds,broken clouds,29.85,36.85,1007,79,29.8,30.92,1007,1005,10000,7.6,216,17.88,75,,
2024-08-09 16:21:23,Quezon City,PH,121.0445,14.6448,Clouds,broken clouds,30.4,37.4,1007,78,30.38,31.48,1007,1005,10000,8.49,159,19.22,75,,
2024-08-09 17:19:00,Quezon City,PH,121.0445,14.6448,Clouds,broken clouds,29.82,36.82,1007,81,29.75,29.82,1007,1005,10000,8.23,260,,75,,
2024-08-09 18:17:49,Quezon City,PH,121.0445,14.6448,Rain,heavy intensity rain,29.29,36.29,1008,83,29.25,29.8,1008,1006,10000,6.69,260,,75,4.21,
2024-08-09 19:14:29,Quezon City,PH,121.0445,14.6448,Rain,light rain,29.27,36.22,1008,83,29.24,29.75,1008,1006,10000,6.71,178,14.75,75,0.47,
2024-08-09 20:32:35,Quezon City,PH,121.0445,14.6448,Clouds,broken clouds,28.72,34.79,1009,84,28.7,29.24,1009,1007,10000,5.36,197,13.41,75,,
2024-08-09 21:19:24,Quezon City,PH,121.0445,14.6448,Clouds,broken clouds,28.71,35.19,1009,86,28.69,28.75,1009,1007,10000,6.71,207,12.52,75,,
2024-08-09 22:15:42,Quezon City,PH,121.0445,14.6448,Clouds,broken clouds,28.71,35.41,1010,87,28.69,28.75,1010,1007,10000,4.47,240,10.28,75,,
2024-08-09 23:18:45,Quezon City,PH,121.0445,14.6448,Clouds,broken clouds,28.71,34.98,1009,85,28.14,28.75,1009,1007,10000,1.54,230,,75,,
2024-08-10 00:20:41,Quezon City,PH,121.0445,14.6448,Clouds,scattered clouds,28.7,35.38,1009,87,27.59,28.75,1009,1007,10000,7.6,228,14.75,40,,
2024-08-10 01:15:16,Quezon City,PH,121.0445,14.6448,Clouds,broken clouds,27.62,32.27,1008,88,27.51,27.75,1008,1006,10000,3.6,250,,75,,
2024-08-10 02:22:40,Quezon City,PH,121.0445,14.6448,Clouds,broken clouds,27.78,33.22,1008,91,26.44,28.15,1008,1005,10000,2.06,220,,75,,
2024-08-10 03:14:07,Quezon City,PH,121.0445,14.6448,Clouds,broken clouds,27.07,31.16,1008,92,27.03,27.75,1008,1006,10000,4.02,219,14.75,75,,
2024-08-10 04:17:55,Quezon City,PH,121.0445,14.6448,Clouds,broken clouds,27.56,32.38,1008,90,26.75,27.6,1008,1005,10000,4.02,147,6.71,75,,
2024-08-10 05:15:34,Quezon City,PH,121.0445,14.6448,Clouds,broken clouds,25.97,25.97,1007,95,25.93,26.75,1007,1005,10000,3.13,358,15.65,75,,
2024-08-10 06:17:08,Quezon City,PH,121.0445,14.6448,Clouds,broken clouds,26.86,30.73,1008,94,26.44,27.75,1008,1006,10000,2.06,220,,75,,
2024-08-10 07:16:04,Quezon City,PH,121.0445,14.6448,Clouds,broken clouds,28.11,33.74,1008,88,27.02,28.15,1008,1006,10000,3.58,143,10.28,75,,
2024-08-10 09:15:05,Quezon City,PH,121.0445,14.6448,Clouds,scattered clouds,29.02,36.02,1009,87,28.71,30.88,1009,1007,10000,6.26,184,13.41,40,,
2024-08-10 10:35:48,Quezon City,PH,121.0445,14.6448,Clouds,broken clouds,28.78,35.19,1009,85,28.71,30.92,1009,1007,10000,5.66,270,,75,,
2024-08-10 11:21:07,Quezon City,PH,121.0445,14.6448,Clouds,broken clouds,31.19,38.19,1009,76,30.36,32.03,1009,1007,10000,7.72,260,,75,,
2024-08-10 12:21:15,Quezon City,PH,121.0445,14.6448,Clouds,broken clouds,30.37,37.37,1008,79,29.8,30.92,1008,1006,10000,7.2,280,,75,,
2024-08-10 13:15:12,Quezon City,PH,121.0445,14.6448,Clouds,broken clouds,29.01,35.44,1008,83,28.69,29.81,1008,1006,10000,3.09,310,,75,,
2024-08-10 14:22:02,Quezon City,PH,121.0445,14.6448,Clouds,broken clouds,28.23,34.11,1007,88,28.13,29.73,1007,1005,10000,6.26,224,14.75,81,,
2024-08-10 15:14:31,Quezon City,PH,121.0445,14.6448,Clouds,broken clouds,28.7,35.6,1007,88,27.75,29.26,1007,1005,10000,5.66,250,,75,,
2024-08-10 16:19:53,Quezon City,PH,121.0445,14.6448,Rain,light rain,28.45,33.62,1006,82,28.15,29.21,1006,1004,10000,6.69,260,,75,0.49,
2024-08-10 17:17:00,Quezon City,PH,121.0445,14.6448,Rain,moderate rain,28.71,34.98,1006,85,28.69,28.75,1006,1004,10000,6.71,199,13.41,75,1.22,
2024-08-10 18:17:40,Quezon City,PH,121.0445,14.6448,Clouds,broken clouds,28.19,33.62,1007,86,28.15,29.24,1007,1005,10000,5.14,260,,75,,
2024-08-10 19:13:11,Quezon City,PH,121.0445,14.6448,Rain,light intensity shower rain,27.67,32.27,1007,87,27.59,28.66,1007,1005,10000,6.69,260,12.86,75,0.21,
2024-08-10 20:30:31,Quezon City,PH,121.0445,14.6448,Rain,light rain,27.0,30.53,1008,88,25.37,27.04,1008,1006,9000,4.12,270,,100,0.12,
2024-08-10 21:17:38,Quezon City,PH,121.0445,14.6448,Clouds,overcast clouds,26.97,30.65,1008,90,25.37,27.04,1008,1006,9900,3.6,260,,100,,
2024-08-10 22:14:33,Quezon City,PH,121.0445,14.6448,Clouds,overcast clouds,26.97,30.55,1009,89,25.37,27.04,1009,1007,9000,3.09,270,,100,,
2024-08-10 23:18:07,Quezon City,PH,121.0445,14.6448,Clouds,overcast clouds,26.48,26.48,1008,91,25.37,26.75,1008,1006,10000,2.57,240,,100,,
2024-08-11 00:21:10,Quezon City,PH,121.0445,14.6448,Clouds,broken clouds,26.06,26.06,1008,94,24.73,26.49,1008,1006,10000,1.03,0,,75,,
2024-08-11 01:13:12,Quezon City,PH,121.0445,14.6448,Clouds,broken clouds,26.45,26.45,1007,92,25.75,26.49,1007,1005,10000,1.03,0,,75,,
2024-08-11 02:20:37,Quezon City,PH,121.0445,14.6448,Clouds,scattered clouds,26.15,26.15,1007,94,25.29,26.49,1007,1004,10000,1.03,0,,40,,
2024-08-11 03:13:14,Quezon City,PH,121.0445,14.6448,Clouds,scattered clouds,25.87,26.99,1006,95,25.29,25.93,1006,1004,10000,0.51,0,,40,,
2024-08-11 04:16:47,Quezon City,PH,121.0445,14.6448,Clouds,scattered clouds,25.96,25.96,1006,95,25.29,26.47,1006,1004,10000,0.51,0,,40,,
2024-08-11 05:16:16,Quezon City,PH,121.0445,14.6448,Clouds,scattered clouds,25.87,26.99,1006,95,25.33,25.93,1006,1004,10000,0.0,0,,40,,
2024-08-11 06:15:25,Quezon City,PH,121.0445,14.6448,Clouds,broken clouds,26.5,26.5,1007,92,26.47,26.75,1007,1005,10000,1.03,0,,75,,
2024-08-11 07:16:48,Quezon City,PH,121.0445,14.6448,Clouds,broken clouds,28.65,35.0,1007,86,27.58,28.71,1007,1005,10000,1.03,0,,75,,
2024-08-11 09:20:36,Quezon City,PH,121.0445,14.6448,Clouds,scattered clouds,30.04,37.04,1008,82,29.21,30.38,1008,1006,10000,2.57,270,,40,,
2024-08-11 10:39:17,Quezon City,PH,121.0445,14.6448,Clouds,few clouds,30.48,37.48,1007,81,29.73,31.44,1007,1005,10000,4.47,237,12.52,20,,
2024-08-11 11:18:15,Quezon City,PH,121.0445,14.6448,Clouds,few clouds,30.39,37.39,1007,80,30.36,31.48,1007,1005,10000,4.12,290,,20,,
2024-08-11 12:19:50,Quezon City,PH,121.0445,14.6448,Clouds,few clouds,31.5,38.5,1007,76,30.91,32.03,1007,1004,10000,7.2,270,,20,,
2024-08-11 13:15:13,Quezon City,PH,121.0445,14.6448,Clouds,few clouds,30.97,37.97,1006,75,30.93,32.59,1006,1004,10000,7.72,270,,20,,
2024-08-11 14:23:37,Quezon City,PH,121.0445,14.6448,Clouds,few clouds,32.0,39.0,1005,77,30.91,32.04,1005,1003,10000,10.73,218,20.12,20,,
2024-08-11 15:14:26,Quezon City,PH,121.0445,14.6448,Clouds,few clouds,31.61,38.61,1005,74,30.91,32.59,1005,1003,10000,8.23,260,,20,,
2024-08-11 16:19:06,Quezon City,PH,121.0445,14.6448,Clouds,few clouds,31.12,38.12,1005,77,30.36,31.99,1005,1003,10000,7.72,260,,20,,
2024-08-11 17:17:12,Quezon City,PH,121.0445,14.6448,Clouds,few clouds,30.38,37.38,1005,78,29.8,31.44,1005,1003,10000,8.05,198,15.65,20,,
2024-08-11 18:16:30,Quezon City,PH,121.0445,14.6448,Clouds,few clouds,29.3,36.07,1005,82,29.26,30.36,1005,1003,10000,6.26,215,15.65,20,,
2024-08-11 19:13:04,Quezon City,PH,121.0445,14.6448,Clouds,few clouds,29.43,36.43,1006,82,29.17,29.8,1006,1004,10000,5.14,250,,20,,
2024-08-11 20:30:15,Quezon City,PH,121.0445,14.6448,Clouds,scattered clouds,29.27,36.27,1008,84,28.7,29.75,1008,1006,10000,4.02,183,13.41,40,,
2024-08-11 21:17:52,Quezon City,PH,121.0445,14.6448,Clouds,few clouds,29.26,36.26,1008,84,28.14,29.26,1008,1006,10000,8.49,192,10.28,11,,
2024-08-11 22:16:20,Quezon City,PH,121.0445,14.6448,Clouds,few clouds,28.96,35.74,1008,85,28.06,29.26,1008,1006,10000,5.36,215,14.75,20,,
2024-08-11 23:17:30,Quezon City,PH,121.0445,14.6448,Clouds,scattered clouds,28.71,34.76,1008,84,28.14,28.71,1008,1005,10000,2.68,182,6.71,50,,
2024-08-12 00:19:05,Quezon City,PH,121.0445,14.6448,Clouds,broken clouds,28.42,34.3,1007,86,26.99,28.75,1007,1005,10000,5.36,206,11.18,75,,
2024-08-12 01:14:26,Quezon City,PH,121.0445,14.6448,Clouds,scattered clouds,28.66,34.82,1007,85,27.59,28.71,1007,1004,10000,2.06,210,,40,,
2024-08-12 02:23:10,Quezon City,PH,121.0445,14.6448,Clouds,scattered clouds,28.12,33.41,1006,86,27.03,28.15,1006,1004,10000,2.57,220,,40,,
2024-08-12 03:13:45,Quezon City,PH,121.0445,14.6448,Clouds,scattered clouds,27.85,32.95,1006,88,26.44,28.15,1006,1004,10000,1.79,330,7.6,40,,
2024-08-12 04:16:54,Quezon City,PH,121.0445,14.6448,Clouds,broken clouds,28.12,33.41,1006,86,27.03,28.15,1006,1004,10000,2.57,220,,75,,
2024-08-12 05:17:20,Quezon City,PH,121.0445,14.6448,Clouds,broken clouds,27.79,32.77,1006,88,26.44,28.15,1006,1004,10000,2.31,302,3.29,76,,
2024-08-12 06:16:33,Quezon City,PH,121.0445,14.6448,Clouds,scattered clouds,27.69,32.48,1007,88,26.44,28.15,1007,1005,10000,1.03,0,,40,,
2024-08-12 07:15:50,Quezon City,PH,121.0445,14.6448,Clouds,few clouds,28.71,34.56,1007,83,28.69,28.75,1007,1005,10000,1.54,210,,20,,
2024-08-12 09:16:50,Quezon City,PH,121.0445,14.6448,Clouds,broken clouds,30.87,37.87,1008,76,29.73,31.48,1008,1006,10000,5.14,270,,75,,
2024-08-12 10:38:00,Quezon City,PH,121.0445,14.6448,Clouds,few clouds,31.69,38.69,1007,73,30.29,32.04,1007,1005,10000,6.17,270,,20,,
2024-08-12 11:19:15,Quezon City,PH,121.0445,14.6448,Clouds,few clouds,32.02,39.02,1007,75,31.47,32.04,1007,1005,10000,6.69,260,,20,,
2024-08-12 12:20:02,Quezon City,PH,121.0445,14.6448,Clouds,scattered clouds,30.96,37.96,1007,76,30.91,32.59,1007,1005,10000,7.2,260,,40,,
2024-08-12 13:17:15,Quezon City,PH,121.0445,14.6448,Clouds,few clouds,31.48,38.48,1006,76,30.91,32.59,1006,1004,10000,14.31,198,38.0,20,,
2024-08-12 14:24:25,Quezon City,PH,121.0445,14.6448,Clouds,few clouds,30.48,37.48,1006,75,30.38,32.75,1006,1004,10000,15.2,197,23.69,20,,
2024-08-12 15:16:05,Quezon City,PH,121.0445,14.6448,Clouds,few clouds,31.5,38.5,1006,75,31.47,32.59,1006,1004,10000,8.23,260,,20,,
2024-08-12 16:22:30,Quezon City,PH,121.0445,14.6448,Clouds,few clouds,31.47,38.47,1006,76,30.36,31.75,1006,1004,10000,8.23,260,,20,,
2024-08-12 17:18:41,Quezon City,PH,121.0445,14.6448,Clouds,few clouds,30.91,37.91,1006,77,30.36,30.93,1006,1004,10000,7.72,270,,20,,
2024-08-12 18:18:29,Quezon City,PH,121.0445,14.6448,Clouds,few clouds,29.82,36.82,1007,81,29.75,29.82,1007,1005,10000,8.05,225,16.99,20,,
2024-08-12 19:15:36,Quezon City,PH,121.0445,14.6448,Clouds,few clouds,29.82,36.82,1008,80,29.25,29.82,1008,1005,10000,6.69,260,,20,,
2024-08-12 20:34:48,Quezon City,PH,121.0445,14.6448,Clouds,few clouds,29.82,36.82,1009,81,29.25,29.82,1009,1007,10000,6.17,260,,20,,
2024-08-12 21:21:11,Quezon City,PH,121.0445,14.6448,Clouds,scattered clouds,29.27,35.5,1009,80,28.7,29.75,1009,1007,10000,4.63,260,,40,,
2024-08-12 22:17:33,Quezon City,PH,121.0445,14.6448,Clouds,scattered clouds,29.39,36.09,1009,81,28.06,29.8,1009,1007,10000,6.69,250,,40,,
2024-08-12 23:19:04,Quezon City,PH,121.0445,14.6448,Clouds,scattered clouds,29.23,36.1,1009,83,28.06,29.75,1009,1007,10000,3.09,230,,40,,
2024-08-13 00:20:59,Quezon City,PH,121.0445,14.6448,Clouds,few clouds,28.72,34.38,1008,82,28.7,29.24,1008,1006,10000,4.12,280,,20,,
2024-08-13 01:15:06,Quezon City,PH,121.0445,14.6448,Clouds,broken clouds,27.66,32.24,1008,87,26.48,28.15,1008,1006,10000,1.79,4,5.81,75,,
2024-08-13 02:23:40,Quezon City,PH,121.0445,14.6448,Clouds,few clouds,28.12,33.41,1008,86,27.58,28.15,1008,1006,10000,2.57,310,,20,,
2024-08-13 03:14:20,Quezon City,PH,121.0445,14.6448,Clouds,overcast clouds,27.57,32.13,1008,88,26.95,27.6,1008,1006,10000,2.43,302,3.42,100,,
2024-08-13 04:17:30,Quezon City,PH,121.0445,14.6448,Clouds,scattered clouds,27.62,31.99,1008,86,27.02,28.75,1008,1006,10000,1.54,310,,40,,
2024-08-13 05:17:06,Quezon City,PH,121.0445,14.6448,Clouds,scattered clouds,27.59,32.04,1009,87,26.48,27.75,1009,1006,10000,1.54,210,,40,,
2024-08-13 06:16:38,Quezon City,PH,121.0445,14.6448,Clouds,few clouds,27.56,31.96,1009,87,26.48,27.6,1009,1007,10000,2.06,240,,20,,
2024-08-13 07:17:42,Quezon City,PH,121.0445,14.6448,Clouds,few clouds,27.95,33.25,1010,88,26.95,28.14,1010,1007,10000,2.57,260,,20,,
2024-08-13 09:16:21,Quezon City,PH,121.0445,14.6448,Clouds,scattered clouds,30.9,37.9,1010,76,29.8,30.93,1010,1008,10000,4.02,280,10.28,40,,
2024-08-13 10:37:43,Quezon City,PH,121.0445,14.6448,Clouds,scattered clouds,31.12,38.12,1009,75,30.29,31.99,1009,1007,10000,4.12,300,,40,,
2024-08-13 11:19:18,Quezon City,PH,121.0445,14.6448,Clouds,scattered clouds,32.0,39.0,1009,74,30.91,32.04,1009,1007,10000,4.12,290,,40,,
2024-08-13 12:19:43,Quezon City,PH,121.0445,14.6448,Clouds,few clouds,31.46,38.46,1008,74,30.91,32.55,1008,1006,10000,4.12,280,,20,,
2024-08-13 13:17:04,Quezon City,PH,121.0445,14.6448,Clouds,few clouds,33.64,40.64,1007,70,32.02,33.71,1007,1005,10000,4.12,290,,20,,
2024-08-13 14:24:34,Quezon City,PH,121.0445,14.6448,Clouds,few clouds,32.54,39.54,1007,74,31.47,33.14,1007,1005,10000,10.73,238,16.99,20,,
2024-08-13 15:16:19,Quezon City,PH,121.0445,14.6448,Clouds,few clouds,32.46,39.46,1007,72,31.47,33.1,1007,1005,10000,6.17,270,,20,,
2024-08-13 16:20:45,Quezon City,PH,121.0445,14.6448,Clouds,few clouds,32.02,39.02,1007,75,31.47,32.04,1007,1005,10000,11.18,236,13.41,20,,
2024-08-13 17:19:16,Quezon City,PH,121.0445,14.6448,Clouds,few clouds,30.89,37.89,1007,77,30.29,31.48,1007,1005,10000,12.52,222,15.65,20,,
2024-08-13 18:18:36,Quezon City,PH,121.0445,14.6448,Clouds,few clouds,30.09,37.09,1008,79,29.81,30.75,1008,1006,10000,6.71,179,16.99,20,,
2024-08-13 19:13:46,Quezon City,PH,121.0445,14.6448,Clouds,scattered clouds,29.82,36.82,1009,82,29.75,29.82,1009,1006,10000,7.6,221,12.52,40,,
2024-08-13 20:33:34,Quezon City,PH,121.0445,14.6448,Clouds,broken clouds,29.82,36.82,1009,82,29.25,29.82,1009,1007,10000,4.02,206,12.52,75,,
2024-08-13 21:20:02,Quezon City,PH,121.0445,14.6448,Clouds,broken clouds,29.8,36.8,1009,82,28.7,29.82,1009,1007,10000,5.36,218,15.65,75,,
2024-08-13 22:15:36,Quezon City,PH,121.0445,14.6448,Clouds,scattered clouds,29.14,36.07,1010,84,28.62,29.26,1010,1008,10000,2.68,217,6.71,40,,
2024-08-13 23:17:52,Quezon City,PH,121.0445,14.6448,Clouds,broken clouds,29.24,36.24,1009,84,28.7,29.26,1009,1007,10000,2.06,220,,75,,
2024-08-14 00:20:11,Quezon City,PH,121.0445,14.6448,Clouds,broken clouds,28.94,35.68,1009,85,28.7,29.24,1009,1007,10000,3.09,230,,75,,
2024-08-14 01:16:01,Quezon City,PH,121.0445,14.6448,Clouds,broken clouds,27.49,31.11,1008,82,27.02,28.62,1008,1006,9000,5.14,320,,75,,
2024-08-14 02:22:48,Quezon City,PH,121.0445,14.6448,Clouds,overcast clouds,24.85,25.82,1008,93,24.8,25.75,1008,1006,7000,4.92,194,8.94,100,,
2024-08-14 03:13:46,Quezon City,PH,121.0445,14.6448,Clouds,overcast clouds,25.34,26.31,1008,91,24.75,25.38,1008,1006,9000,1.03,0,,100,,
2024-08-14 04:17:35,Quezon City,PH,121.0445,14.6448,Clouds,broken clouds,25.24,26.25,1008,93,24.75,25.84,1008,1006,10000,1.54,120,,75,,
2024-08-14 05:15:54,Quezon City,PH,121.0445,14.6448,Clouds,broken clouds,25.91,26.91,1009,90,25.36,25.93,1009,1007,10000,0.0,0,,75,,
2024-08-14 06:15:24,Quezon City,PH,121.0445,14.6448,Clouds,broken clouds,26.45,26.45,1009,90,25.75,26.49,1009,1007,10000,1.03,0,,75,,
2024-08-14 07:16:10,Quezon City,PH,121.0445,14.6448,Clouds,broken clouds,27.23,31.16,1009,88,26.48,28.1,1009,1007,10000,1.03,0,,75,,
2024-08-14 09:15:23,Quezon City,PH,121.0445,14.6448,Clouds,few clouds,29.59,36.59,1010,82,29.26,30.37,1010,1008,10000,4.12,260,,20,,
2024-08-14 10:36:40,Quezon City,PH,121.0445,14.6448,Clouds,few clouds,30.91,37.91,1009,77,30.36,30.93,1009,1007,10000,3.09,280,,20,,
2024-08-14 11:20:19,Quezon City,PH,121.0445,14.6448,Clouds,few clouds,31.45,38.45,1009,75,30.75,32.03,1009,1007,10000,4.12,290,,20,,
2024-08-14 12:19:50,Quezon City,PH,121.0445,14.6448,Clouds,few clouds,32.0,39.0,1008,77,30.91,32.04,1008,1006,10000,4.63,290,,20,,
2024-08-14 13:16:41,Quezon City,PH,121.0445,14.6448,Clouds,few clouds,31.42,38.42,1008,76,30.93,33.06,1008,1005,10000,7.2,240,,20,,
2024-08-14 14:23:37,Quezon City,PH,121.0445,14.6448,Clouds,few clouds,31.64,38.64,1007,76,31.47,32.55,1007,1005,10000,7.72,260,,20,,
2024-08-14 15:15:33,Quezon City,PH,121.0445,14.6448,Clouds,few clouds,31.61,38.61,1006,76,30.91,32.59,1006,1004,10000,7.72,260,,20,,
2024-08-14 16:21:11,Quezon City,PH,121.0445,14.6448,Clouds,few clouds,32.0,39.0,1006,78,30.91,32.04,1006,1004,10000,9.39,224,12.52,20,,
2024-08-14 17:18:00,Quezon City,PH,121.0445,14.6448,Clouds,broken clouds,30.38,37.38,1007,79,29.8,30.92,1007,1005,10000,6.71,223,12.52,75,,
2024-08-14 18:18:03,Quezon City,PH,121.0445,14.6448,Clouds,broken clouds,30.36,37.36,1007,81,29.75,30.38,1007,1005,10000,5.14,260,,75,,
2024-08-14 19:14:57,Quezon City,PH,121.0445,14.6448,Clouds,broken clouds,30.34,37.34,1008,82,29.75,30.38,1008,1006,10000,5.66,250,,75,,
2024-08-14 20:33:00,Quezon City,PH,121.0445,14.6448,Clouds,scattered clouds,29.71,36.71,1009,82,29.17,29.82,1009,1007,10000,5.66,260,,40,,
2024-08-14 21:19:58,Quezon City,PH,121.0445,14.6448,Clouds,scattered clouds,29.83,36.83,1009,81,29.75,30.36,1009,1007,10000,3.6,280,,40,,
2024-08-14 22:16:07,Quezon City,PH,121.0445,14.6448,Clouds,scattered clouds,29.37,36.37,1009,83,28.62,29.8,1009,1007,10000,3.09,320,,40,,
2024-08-14 23:17:33,Quezon City,PH,121.0445,14.6448,Clouds,broken clouds,29.05,36.02,1009,85,27.55,29.75,1009,1007,10000,2.57,320,,75,,
2024-08-15 00:23:22,Quezon City,PH,121.0445,14.6448,Clouds,broken clouds,28.7,34.73,1009,84,28.13,28.75,1009,1006,10000,2.06,230,,75,,
2024-08-15 01:14:34,Quezon City,PH,121.0445,14.6448,Clouds,few clouds,28.7,34.73,1008,84,28.13,28.75,1008,1006,10000,2.06,210,,20,,
2024-08-15 02:22:19,Quezon City,PH,121.0445,14.6448,Clouds,broken clouds,28.13,33.27,1008,85,27.59,28.15,1008,1006,10000,2.06,210,,75,,
2024-08-15 03:16:01,Quezon City,PH,121.0445,14.6448,Clouds,broken clouds,28.12,33.59,1008,87,27.58,28.15,1008,1006,10000,1.54,220,,75,,
2024-08-15 04:17:20,Quezon City,PH,121.0445,14.6448,Clouds,broken clouds,27.6,32.07,1008,87,27.03,27.75,1008,1006,10000,1.54,210,,75,,
2024-08-15 05:15:33,Quezon City,PH,121.0445,14.6448,Clouds,scattered clouds,27.6,32.07,1008,87,27.58,27.75,1008,1006,10000,1.03,0,,40,,
2024-08-15 06:16:30,Quezon City,PH,121.0445,14.6448,Clouds,scattered clouds,27.6,32.07,1008,87,27.03,27.75,1008,1006,10000,1.34,351,2.24,40,,
2024-08-15 10:22:27,Quezon City,PH,121.0445,14.6448,Clouds,few clouds,30.96,37.96,1009,76,30.91,31.75,1009,1007,10000,4.02,188,8.94,20,,
2024-08-15 11:28:18,Quezon City,PH,121.0445,14.6448,Clouds,few clouds,32.54,39.54,1008,74,31.47,32.6,1008,1006,10000,4.12,290,,20,,
2024-08-15 12:19:12,Quezon City,PH,121.0445,14.6448,Clouds,few clouds,32.53,39.53,1007,74,30.91,32.6,1007,1005,10000,4.63,290,,20,,
2024-08-15 13:16:39,Quezon City,PH,121.0445,14.6448,Clouds,few clouds,33.06,40.06,1007,75,31.47,33.15,1007,1005,10000,5.66,300,,20,,
2024-08-15 14:23:58,Quezon City,PH,121.0445,14.6448,Clouds,few clouds,31.48,38.48,1006,76,30.91,32.03,1006,1004,10000,8.49,219,14.75,20,,
2024-08-15 15:15:15,Quezon City,PH,121.0445,14.6448,Clouds,scattered clouds,32.05,39.05,1006,76,31.47,33.14,1006,1004,10000,7.2,260,,40,,
2024-08-15 16:21:12,Quezon City,PH,121.0445,14.6448,Clouds,few clouds,31.5,38.5,1005,76,31.47,32.59,1005,1003,10000,9.39,232,16.99,20,,
2024-08-15 17:17:23,Quezon City,PH,121.0445,14.6448,Clouds,few clouds,31.06,38.06,1006,76,30.29,31.75,1006,1004,10000,6.69,260,,20,,
2024-08-15 18:19:28,Quezon City,PH,121.0445,14.6448,Clouds,scattered clouds,30.44,37.44,1006,81,30.29,30.75,1006,1004,10000,6.17,260,,40,,
2024-08-15 19:14:01,Quezon City,PH,121.0445,14.6448,Clouds,broken clouds,30.17,37.17,1007,80,29.73,30.38,1007,1005,10000,4.92,251,8.94,75,,
2024-08-15 20:32:34,Quezon City,PH,121.0445,14.6448,Clouds,broken clouds,29.87,36.87,1008,82,29.17,30.36,1008,1006,10000,3.6,250,,75,,
2024-08-15 21:19:09,Quezon City,PH,121.0445,14.6448,Clouds,broken clouds,29.43,36.43,1008,83,29.17,29.8,1008,1006,10000,3.09,280,,75,,
2024-08-15 22:14:53,Quezon City,PH,121.0445,14.6448,Clouds,broken clouds,28.47,35.06,1009,89,27.58,29.26,1009,1007,9000,4.63,250,,75,,
2024-08-15 23:16:58,Quezon City,PH,121.0445,14.6448,Clouds,overcast clouds,27.31,31.76,1009,91,27.02,28.06,1009,1007,9000,4.63,260,,100,,
2024-08-16 00:21:20,Quezon City,PH,121.0445,14.6448,Clouds,overcast clouds,27.64,32.78,1008,91,27.55,28.06,1008,1006,10000,0.51,0,,100,,
2024-08-16 01:14:36,Quezon City,PH,121.0445,14.6448,Rain,moderate rain,27.45,32.33,1008,92,27.02,28.06,1008,1006,10000,1.03,0,,75,1.78,
2024-08-16 02:23:04,Quezon City,PH,121.0445,14.6448,Rain,moderate rain,28.17,34.1,1007,89,27.55,28.71,1007,1005,10000,1.03,220,,75,1.09,
2024-08-16 03:12:54,Quezon City,PH,121.0445,14.6448,Rain,light rain,28.26,34.2,1007,88,27.51,28.71,1007,1005,10000,1.64,321,2.42,100,0.95,
2024-08-16 04:17:42,Quezon City,PH,121.0445,14.6448,Clouds,scattered clouds,27.64,33.08,1007,93,27.51,27.75,1007,1005,10000,1.54,200,,40,,
2024-08-16 05:16:57,Quezon City,PH,121.0445,14.6448,Clouds,broken clouds,27.6,32.95,1008,93,26.99,27.75,1008,1006,10000,1.03,0,,75,,
2024-08-16 06:12:57,Quezon City,PH,121.0357,14.6431,Clouds,scattered clouds,27.94,33.56,1008,90,27.06,28.21,1008,1006,10000,0.51,0,,40,,
2024-08-16 07:14:38,Quezon City,PH,121.0445,14.6448,Clouds,scattered clouds,28.89,35.89,1008,87,28.06,29.26,1008,1006,10000,1.03,0,,40,,
2024-08-16 09:14:33,Quezon City,PH,121.0445,14.6448,Clouds,scattered clouds,30.8,37.8,1009,77,30.29,30.93,1009,1007,9000,2.57,260,,40,,
2024-08-16 10:35:57,Quezon City,PH,121.0445,14.6448,Clouds,few clouds,32.0,39.0,1009,73,31.75,32.55,1009,1007,9000,4.92,216,10.28,20,,
2024-08-16 11:21:14,Quezon City,PH,121.0445,14.6448,Clouds,few clouds,32.27,39.27,1009,70,30.84,32.59,1009,1007,9000,4.12,290,,20,,
2024-08-16 12:19:39,Quezon City,PH,121.0445,14.6448,Clouds,few clouds,32.91,39.91,1008,68,31.95,33.15,1008,1006,9000,4.63,280,,20,,
2024-08-16 13:16:12,Quezon City,PH,121.0445,14.6448,Clouds,few clouds,33.85,40.85,1007,66,32.75,34.26,1007,1005,10000,5.14,280,,20,,
2024-08-16 14:23:03,Quezon City,PH,121.0445,14.6448,Clouds,few clouds,33.64,40.64,1007,71,32.02,33.71,1007,1005,10000,5.66,270,,20,,
2024-08-16 15:16:03,Quezon City,PH,121.0445,14.6448,Clouds,scattered clouds,30.63,37.63,1006,77,29.17,30.92,1006,1004,10000,4.63,250,,40,,
2024-08-16 16:21:44,Quezon City,PH,121.0445,14.6448,Clouds,scattered clouds,31.08,38.08,1006,79,30.29,31.49,1006,1004,10000,7.6,240,16.99,40,,
2024-08-16 17:19:44,Quezon City,PH,121.0445,14.6448,Clouds,scattered clouds,30.44,37.44,1007,80,29.73,30.75,1007,1005,10000,9.83,193,16.99,40,,
2024-08-16 18:18:31,Quezon City,PH,121.0445,14.6448,Thunderstorm,thunderstorm,30.35,37.35,1008,79,29.17,30.75,1008,1006,10000,5.14,250,,75,,
2024-08-16 19:14:50,Quezon City,PH,121.0445,14.6448,Clouds,scattered clouds,30.06,37.06,1009,82,29.17,30.38,1009,1006,10000,4.12,250,,40,,
2024-08-16 20:32:28,Quezon City,PH,121.0445,14.6448,Clouds,scattered clouds,29.97,36.97,1010,82,28.62,30.38,1010,1008,10000,3.6,240,,40,,
2024-08-16 21:19:09,Quezon City,PH,121.0445,14.6448,Rain,light rain,29.41,36.4,1010,82,28.62,29.8,1010,1008,10000,1.54,210,,40,1.0,
2024-08-16 22:15:13,Quezon City,PH,121.0445,14.6448,Rain,light rain,28.74,34.43,1010,82,28.06,29.75,1010,1008,10000,1.54,220,,75,0.75,
2024-08-16 23:16:54,Quezon City,PH,121.0445,14.6448,Clouds,scattered clouds,28.86,34.99,1010,83,27.55,29.75,1010,1008,10000,1.54,220,,40,,
2024-08-17 00:22:32,Quezon City,PH,121.0445,14.6448,Clouds,scattered clouds,28.32,33.63,1010,84,27.51,28.75,1010,1008,10000,1.54,250,,40,,
2024-08-17 01:15:03,Quezon City,PH,121.0445,14.6448,Clouds,few clouds,28.21,33.5,1009,85,26.95,28.75,1009,1007,10000,0.51,0,,20,,
2024-08-17 02:22:30,Quezon City,PH,121.0445,14.6448,Clouds,few clouds,27.93,32.54,1009,84,26.95,28.75,1009,1007,10000,1.03,0,,20,,
2024-08-17 03:14:44,Quezon City,PH,121.0445,14.6448,Clouds,few clouds,27.56,31.55,1009,84,26.4,28.75,1009,1007,10000,2.57,360,,20,,
2024-08-17 04:17:58,Quezon City,PH,121.0445,14.6448,Clouds,broken clouds,26.78,29.76,1009,86,26.4,27.58,1009,1007,10000,0.45,48,2.24,77,,
2024-08-17 05:15:57,Quezon City,PH,121.0445,14.6448,Clouds,broken clouds,26.87,29.99,1009,86,26.4,27.59,1009,1007,10000,1.41,0,1.92,68,,
2024-08-17 06:15:59,Quezon City,PH,121.0445,14.6448,Clouds,few clouds,27.02,30.27,1009,85,26.44,27.75,1009,1007,10000,1.54,0,,20,,
2024-08-17 07:16:53,Quezon City,PH,121.0445,14.6448,Clouds,few clouds,28.89,34.02,1010,78,28.15,29.8,1010,1008,10000,1.34,44,3.58,20,,
2024-08-17 09:12:28,Quezon City,PH,121.0445,14.6448,Clouds,few clouds,31.72,38.72,1011,71,30.29,32.04,1011,1009,10000,3.09,270,,20,,
2024-08-17 10:33:46,Quezon City,PH,121.0445,14.6448,Clouds,few clouds,32.12,39.12,1010,72,31.4,32.6,1010,1008,9000,3.6,290,,20,,
2024-08-17 11:17:45,Quezon City,PH,121.0445,14.6448,Clouds,few clouds,32.57,39.57,1010,71,31.4,33.66,1010,1008,9000,4.47,359,12.52,20,,
2024-08-17 12:21:28,Quezon City,PH,121.0445,14.6448,Clouds,few clouds,33.02,40.02,1010,66,32.59,33.66,1010,1008,9000,5.81,34,10.28,20,,
2024-08-17 13:16:58,Quezon City,PH,121.0445,14.6448,Clouds,few clouds,34.19,41.19,1009,58,33.06,34.82,1009,1007,10000,4.63,280,,20,,
2024-08-17 14:21:36,Quezon City,PH,121.0445,14.6448,Clouds,few clouds,33.51,39.35,1008,56,33.13,33.75,1008,1006,10000,4.63,300,,20,,
2024-08-17 15:13:48,Quezon City,PH,121.0445,14.6448,Clouds,few clouds,34.09,40.79,1008,56,33.06,34.77,1008,1006,10000,5.81,2,8.94,20,,
